Type,Name,Request Count,Failure Count,Median Response Time,Average Response Time,Min Response Time,Max Response Time,Average Content Size,Requests/s,Failures/s,50%,66%,75%,80%,90%,95%,98%,99%,99.9%,99.99%,100%
GET,GET /  (SPA index),1,0,10.216665999999819,10.216665999999819,10.216665999999819,10.216665999999819,770.0,0.06712720530055868,0.0,10,10,10,10,10,10,10,10,10,10,10
GET,GET /assets/*.js,3,0,10,10.217972333333472,7.091292000000138,13.9220420000008,162.0,0.20138161590167605,0.0,10,10,14,14,14,14,14,14,14,14,14
POST,POST /api/albums/ (on_start share),12,10,6100.0,6381.1484515,5420.310874999999,9779.553709,171.66666666666666,0.8055264636067042,0.6712720530055868,6100,6200,6400,6400,6700,9800,9800,9800,9800,9800,9800
POST,POST /api/auth/login (on_start),76,6,7300.0,7032.439679276317,933.4851659999999,11869.222291,161.39473684210526,5.1016676028424595,0.4027632318033521,7400,8700,9300,9400,10000,11000,12000,12000,12000,12000,12000
,Aggregated,92,16,6600.0,6642.174648108695,7.091292000000138,11869.222291,169.3695652173913,6.175702887651399,1.074035284808939,6600,8400,9300,9300,9800,11000,12000,12000,12000,12000,12000
