Type,Name,Request Count,Failure Count,Median Response Time,Average Response Time,Min Response Time,Max Response Time,Average Content Size,Requests/s,Failures/s,50%,66%,75%,80%,90%,95%,98%,99%,99.9%,99.99%,100%
POST,POST /api/auth/login (on_start),11,11,5000.0,4565.662484818182,38.944290999999964,5038.208292,0.0,2.1787855485028227,2.1787855485028227,5000,5000,5000,5000,5000,5000,5000,5000,5000,5000,5000
,Aggregated,11,11,5000.0,4565.662484818182,38.944290999999964,5038.208292,0.0,2.1787855485028227,2.1787855485028227,5000,5000,5000,5000,5000,5000,5000,5000,5000,5000,5000
